{"cameraMode":{"drawMode":0,"name":"Shaded","section":"Shading Mode"},"sceneLighting":true,"audioPlay":false,"sceneViewState":{"showFog":true,"showMaterialUpdate":false,"showSkybox":true,"showFlares":true,"showImageEffects":true,"showParticleSystems":true},"in2DMode":false,"pivot":{"x":335.97967529296877,"y":285.4787902832031,"z":-4.3036651611328129},"rotation":{"x":-0.06326214224100113,"y":-0.012876628898084164,"z":0.0008163989405147731,"w":-0.99791419506073},"size":94.94100952148438,"orthographic":false}